feature,importance
profit_ratio,0.2870138643075377
day_of_week,0.2767894453014696
hour,0.23121527202850828
size_tokens,0.12062637886991696
closed_pnl,0.0843550394925675
